video_name,model,frame_rate,gpu time,f1
highway_0,faster_rcnn_resnet101,0.05,0.05,0.1802652281411553
highway_0,faster_rcnn_resnet101,0.06666666666666667,0.06666666666666667,0.23931237276634246
highway_0,faster_rcnn_resnet101,0.1,0.1,0.36182271593742915
highway_0,faster_rcnn_resnet101,0.2,0.2,0.6934470377019749
highway_0,faster_rcnn_resnet101,0.25,0.25,0.7908438061041293
highway_0,faster_rcnn_resnet101,0.3333333333333333,0.33333333333333337,0.8844424460431655
highway_0,faster_rcnn_resnet101,0.4,0.4,0.9187358916478555
highway_0,faster_rcnn_resnet101,0.5,0.5,0.9741747136761735
highway_0,faster_rcnn_resnet101,0.5555555555555556,0.5555555555555556,0.9743935309973046
highway_0,faster_rcnn_resnet101,0.6666666666666666,0.6666666666666667,0.9833782569631626
highway_0,faster_rcnn_resnet101,0.8333333333333334,0.8333333333333334,0.9903392496068298
highway_0,faster_rcnn_resnet101,1.0,1.0,1.0
highway_1,faster_rcnn_resnet101,0.05,0.05,0.18265462600102234
highway_1,faster_rcnn_resnet101,0.06666666666666667,0.06666666666666667,0.23545516769336072
highway_1,faster_rcnn_resnet101,0.1,0.1,0.35698409984612756
highway_1,faster_rcnn_resnet101,0.2,0.2,0.6803559206023272
highway_1,faster_rcnn_resnet101,0.25,0.25,0.7818581824335759
highway_1,faster_rcnn_resnet101,0.3333333333333333,0.33333333333333337,0.8712972420837589
highway_1,faster_rcnn_resnet101,0.4,0.4,0.9124659400544958
highway_1,faster_rcnn_resnet101,0.5,0.5,0.9733401256580063
highway_1,faster_rcnn_resnet101,0.5555555555555556,0.5555555555555556,0.977326565143824
highway_1,faster_rcnn_resnet101,0.6666666666666666,0.6666666666666667,0.9821640903686087
highway_1,faster_rcnn_resnet101,0.8333333333333334,0.8333333333333334,0.9903176490572448
highway_1,faster_rcnn_resnet101,1.0,1.0,1.0
highway_2,faster_rcnn_resnet101,0.05,0.05,0.19297059817505915
highway_2,faster_rcnn_resnet101,0.06666666666666667,0.06666666666666667,0.25286569717707436
highway_2,faster_rcnn_resnet101,0.1,0.1,0.373781512605042
highway_2,faster_rcnn_resnet101,0.2,0.2,0.7018612521150592
highway_2,faster_rcnn_resnet101,0.25,0.25,0.7944643772424398
highway_2,faster_rcnn_resnet101,0.3333333333333333,0.33333333333333337,0.8812638015967386
highway_2,faster_rcnn_resnet101,0.4,0.4,0.919606512890095
highway_2,faster_rcnn_resnet101,0.5,0.5,0.9771720613287905
highway_2,faster_rcnn_resnet101,0.5555555555555556,0.5555555555555556,0.9792234332425067
highway_2,faster_rcnn_resnet101,0.6666666666666666,0.6666666666666667,0.985576107245885
highway_2,faster_rcnn_resnet101,0.8333333333333334,0.8333333333333334,0.9920108788033316
highway_2,faster_rcnn_resnet101,1.0,1.0,1.0
highway_3,faster_rcnn_resnet101,0.05,0.05,0.39810969497350707
highway_3,faster_rcnn_resnet101,0.06666666666666667,0.06666666666666667,0.5107789594711124
highway_3,faster_rcnn_resnet101,0.1,0.1,0.675249529871257
highway_3,faster_rcnn_resnet101,0.2,0.2,0.8581354950781703
highway_3,faster_rcnn_resnet101,0.25,0.25,0.8833453496755587
highway_3,faster_rcnn_resnet101,0.3333333333333333,0.33333333333333337,0.919546906767354
highway_3,faster_rcnn_resnet101,0.4,0.4,0.9420625724217845
highway_3,faster_rcnn_resnet101,0.5,0.5,0.9787602947550932
highway_3,faster_rcnn_resnet101,0.5555555555555556,0.5555555555555556,0.9822689923598096
highway_3,faster_rcnn_resnet101,0.6666666666666666,0.6666666666666667,0.9856376033657334
highway_3,faster_rcnn_resnet101,0.8333333333333334,0.8333333333333334,0.9934810951760104
highway_3,faster_rcnn_resnet101,1.0,1.0,1.0
highway_4,faster_rcnn_resnet101,0.05,0.05,0.7230670379096167
highway_4,faster_rcnn_resnet101,0.06666666666666667,0.06666666666666667,0.7682926829268294
highway_4,faster_rcnn_resnet101,0.1,0.1,0.8158233276157805
highway_4,faster_rcnn_resnet101,0.2,0.2,0.8811218527568256
highway_4,faster_rcnn_resnet101,0.25,0.25,0.9001060445387061
highway_4,faster_rcnn_resnet101,0.3333333333333333,0.33333333333333337,0.9365584553363038
highway_4,faster_rcnn_resnet101,0.4,0.4,0.9562998405103669
highway_4,faster_rcnn_resnet101,0.5,0.5,0.985372058511766
highway_4,faster_rcnn_resnet101,0.5555555555555556,0.5555555555555556,0.9880283928382243
highway_4,faster_rcnn_resnet101,0.6666666666666666,0.6666666666666667,0.9913061916878712
highway_4,faster_rcnn_resnet101,0.8333333333333334,0.8333333333333334,0.9953370072064435
highway_4,faster_rcnn_resnet101,1.0,1.0,1.0
highway_5,faster_rcnn_resnet101,0.05,0.05,0.4370156511168515
highway_5,faster_rcnn_resnet101,0.06666666666666667,0.06666666666666667,0.5010044815329934
highway_5,faster_rcnn_resnet101,0.1,0.1,0.6270385611949398
highway_5,faster_rcnn_resnet101,0.2,0.2,0.8436739659367396
highway_5,faster_rcnn_resnet101,0.25,0.25,0.893002257336343
highway_5,faster_rcnn_resnet101,0.3333333333333333,0.33333333333333337,0.9283235249735928
highway_5,faster_rcnn_resnet101,0.4,0.4,0.9461910519951633
highway_5,faster_rcnn_resnet101,0.5,0.5,0.9841700587969244
highway_5,faster_rcnn_resnet101,0.5555555555555556,0.5555555555555556,0.9840217063611697
highway_5,faster_rcnn_resnet101,0.6666666666666666,0.6666666666666667,0.9895974672094074
highway_5,faster_rcnn_resnet101,0.8333333333333334,0.8333333333333334,0.9944184643234273
highway_5,faster_rcnn_resnet101,1.0,1.0,1.0
highway_6,faster_rcnn_resnet101,0.05,0.05,0.16653543307086613
highway_6,faster_rcnn_resnet101,0.06666666666666667,0.06666666666666667,0.2166107713552969
highway_6,faster_rcnn_resnet101,0.1,0.1,0.327016995506935
highway_6,faster_rcnn_resnet101,0.2,0.2,0.6356710294979487
highway_6,faster_rcnn_resnet101,0.25,0.25,0.7551949337027507
highway_6,faster_rcnn_resnet101,0.3333333333333333,0.33333333333333337,0.8608882801800039
highway_6,faster_rcnn_resnet101,0.4,0.4,0.9045285238188591
highway_6,faster_rcnn_resnet101,0.5,0.5,0.9746312684365782
highway_6,faster_rcnn_resnet101,0.5555555555555556,0.5555555555555556,0.9785812536844174
highway_6,faster_rcnn_resnet101,0.6666666666666666,0.6666666666666667,0.982181319757196
highway_6,faster_rcnn_resnet101,0.8333333333333334,0.8333333333333334,0.9901922322479403
highway_6,faster_rcnn_resnet101,1.0,1.0,1.0
highway_7,faster_rcnn_resnet101,0.05,0.05,0.16085541608554163
highway_7,faster_rcnn_resnet101,0.06666666666666667,0.06666666666666667,0.21363220494053065
highway_7,faster_rcnn_resnet101,0.1,0.1,0.31314072693383044
highway_7,faster_rcnn_resnet101,0.2,0.2,0.6320128234485916
highway_7,faster_rcnn_resnet101,0.25,0.25,0.7613376087952358
highway_7,faster_rcnn_resnet101,0.3333333333333333,0.33333333333333337,0.8742817743047575
highway_7,faster_rcnn_resnet101,0.4,0.4,0.9144299151181464
highway_7,faster_rcnn_resnet101,0.5,0.5,0.9705882352941176
highway_7,faster_rcnn_resnet101,0.5555555555555556,0.5555555555555556,0.978021978021978
highway_7,faster_rcnn_resnet101,0.6666666666666666,0.6666666666666667,0.9797979797979798
highway_7,faster_rcnn_resnet101,0.8333333333333334,0.8333333333333334,0.9880679210647085
highway_7,faster_rcnn_resnet101,1.0,1.0,1.0
highway_8,faster_rcnn_resnet101,0.05,0.05,0.14783586284429456
highway_8,faster_rcnn_resnet101,0.06666666666666667,0.06666666666666667,0.1925254813137033
highway_8,faster_rcnn_resnet101,0.1,0.1,0.28781453208934127
highway_8,faster_rcnn_resnet101,0.2,0.2,0.5784563189143342
highway_8,faster_rcnn_resnet101,0.25,0.25,0.7121212121212123
highway_8,faster_rcnn_resnet101,0.3333333333333333,0.33333333333333337,0.8422837761447145
highway_8,faster_rcnn_resnet101,0.4,0.4,0.8939779474130619
highway_8,faster_rcnn_resnet101,0.5,0.5,0.9671071127354512
highway_8,faster_rcnn_resnet101,0.5555555555555556,0.5555555555555556,0.9728353140916808
highway_8,faster_rcnn_resnet101,0.6666666666666666,0.6666666666666667,0.9762577727529678
highway_8,faster_rcnn_resnet101,0.8333333333333334,0.8333333333333334,0.9856135401974612
highway_8,faster_rcnn_resnet101,1.0,1.0,1.0
highway_9,faster_rcnn_resnet101,0.05,0.05,0.14768509474506736
highway_9,faster_rcnn_resnet101,0.06666666666666667,0.06666666666666667,0.1864372874574915
highway_9,faster_rcnn_resnet101,0.1,0.1,0.2822918746256738
highway_9,faster_rcnn_resnet101,0.2,0.2,0.5713158413888342
highway_9,faster_rcnn_resnet101,0.25,0.25,0.7186454026383147
highway_9,faster_rcnn_resnet101,0.3333333333333333,0.33333333333333337,0.8653465346534653
highway_9,faster_rcnn_resnet101,0.4,0.4,0.9061821054710646
highway_9,faster_rcnn_resnet101,0.5,0.5,0.9729623051115059
highway_9,faster_rcnn_resnet101,0.5555555555555556,0.5555555555555556,0.9753500295799645
highway_9,faster_rcnn_resnet101,0.6666666666666666,0.6666666666666667,0.9796160696615871
highway_9,faster_rcnn_resnet101,0.8333333333333334,0.8333333333333334,0.9905175819834058
highway_9,faster_rcnn_resnet101,1.0,1.0,1.0
highway_10,faster_rcnn_resnet101,0.05,0.05,0.13440860215053763
highway_10,faster_rcnn_resnet101,0.06666666666666667,0.06666666666666667,0.18412079883097904
highway_10,faster_rcnn_resnet101,0.1,0.1,0.2775234883160685
highway_10,faster_rcnn_resnet101,0.2,0.2,0.5514775977121068
highway_10,faster_rcnn_resnet101,0.25,0.25,0.6807500593401377
highway_10,faster_rcnn_resnet101,0.3333333333333333,0.33333333333333337,0.8530040370458324
highway_10,faster_rcnn_resnet101,0.4,0.4,0.8984337921214998
highway_10,faster_rcnn_resnet101,0.5,0.5,0.9759695455626932
highway_10,faster_rcnn_resnet101,0.5555555555555556,0.5555555555555556,0.9792256846081209
highway_10,faster_rcnn_resnet101,0.6666666666666666,0.6666666666666667,0.9829383886255925
highway_10,faster_rcnn_resnet101,0.8333333333333334,0.8333333333333334,0.991225990040313
highway_10,faster_rcnn_resnet101,1.0,1.0,1.0
highway_11,faster_rcnn_resnet101,0.05,0.05,0.14026275115919629
highway_11,faster_rcnn_resnet101,0.06666666666666667,0.06666666666666667,0.18143215595444895
highway_11,faster_rcnn_resnet101,0.1,0.1,0.2771970576848625
highway_11,faster_rcnn_resnet101,0.2,0.2,0.5497502881290819
highway_11,faster_rcnn_resnet101,0.25,0.25,0.6942307692307692
highway_11,faster_rcnn_resnet101,0.3333333333333333,0.33333333333333337,0.8559907834101382
highway_11,faster_rcnn_resnet101,0.4,0.4,0.905638665132336
highway_11,faster_rcnn_resnet101,0.5,0.5,0.9750575594781273
highway_11,faster_rcnn_resnet101,0.5555555555555556,0.5555555555555556,0.9764051409936696
highway_11,faster_rcnn_resnet101,0.6666666666666666,0.6666666666666667,0.9833173537871526
highway_11,faster_rcnn_resnet101,0.8333333333333334,0.8333333333333334,0.9902205177372962
highway_11,faster_rcnn_resnet101,1.0,1.0,1.0
highway_12,faster_rcnn_resnet101,0.05,0.05,0.15487651737128508
highway_12,faster_rcnn_resnet101,0.06666666666666667,0.06666666666666667,0.19443272880641083
highway_12,faster_rcnn_resnet101,0.1,0.1,0.29412993524127845
highway_12,faster_rcnn_resnet101,0.2,0.2,0.5883812280339052
highway_12,faster_rcnn_resnet101,0.25,0.25,0.712737681455735
highway_12,faster_rcnn_resnet101,0.3333333333333333,0.33333333333333337,0.853508411981945
highway_12,faster_rcnn_resnet101,0.4,0.4,0.9007194244604315
highway_12,faster_rcnn_resnet101,0.5,0.5,0.9670823962379881
highway_12,faster_rcnn_resnet101,0.5555555555555556,0.5555555555555556,0.973711025066232
highway_12,faster_rcnn_resnet101,0.6666666666666666,0.6666666666666667,0.9807298072980731
highway_12,faster_rcnn_resnet101,0.8333333333333334,0.8333333333333334,0.9877049180327868
highway_12,faster_rcnn_resnet101,1.0,1.0,1.0
highway_13,faster_rcnn_resnet101,0.05,0.05,0.1604180867984549
highway_13,faster_rcnn_resnet101,0.06666666666666667,0.06666666666666667,0.20420704325218625
highway_13,faster_rcnn_resnet101,0.1,0.1,0.30787199252511094
highway_13,faster_rcnn_resnet101,0.2,0.2,0.6093605189990732
highway_13,faster_rcnn_resnet101,0.25,0.25,0.7377239934838259
highway_13,faster_rcnn_resnet101,0.3333333333333333,0.33333333333333337,0.8620291194823203
highway_13,faster_rcnn_resnet101,0.4,0.4,0.9046296296296297
highway_13,faster_rcnn_resnet101,0.5,0.5,0.973373466080111
highway_13,faster_rcnn_resnet101,0.5555555555555556,0.5555555555555556,0.977346278317152
highway_13,faster_rcnn_resnet101,0.6666666666666666,0.6666666666666667,0.978713558537714
highway_13,faster_rcnn_resnet101,0.8333333333333334,0.8333333333333334,0.990268767377201
highway_13,faster_rcnn_resnet101,1.0,1.0,1.0
highway_14,faster_rcnn_resnet101,0.05,0.05,0.18255578093306288
highway_14,faster_rcnn_resnet101,0.06666666666666667,0.06666666666666667,0.24096926183531525
highway_14,faster_rcnn_resnet101,0.1,0.1,0.35961581416126875
highway_14,faster_rcnn_resnet101,0.2,0.2,0.6898251904975348
highway_14,faster_rcnn_resnet101,0.25,0.25,0.7923436456710439
highway_14,faster_rcnn_resnet101,0.3333333333333333,0.33333333333333337,0.8875951634572324
highway_14,faster_rcnn_resnet101,0.4,0.4,0.9274518584863413
highway_14,faster_rcnn_resnet101,0.5,0.5,0.9724524076147817
highway_14,faster_rcnn_resnet101,0.5555555555555556,0.5555555555555556,0.977409975397003
highway_14,faster_rcnn_resnet101,0.6666666666666666,0.6666666666666667,0.9816225907664725
highway_14,faster_rcnn_resnet101,0.8333333333333334,0.8333333333333334,0.9892473118279569
highway_14,faster_rcnn_resnet101,1.0,1.0,1.0
highway_15,faster_rcnn_resnet101,0.05,0.05,0.21359890109890112
highway_15,faster_rcnn_resnet101,0.06666666666666667,0.06666666666666667,0.27336891031158544
highway_15,faster_rcnn_resnet101,0.1,0.1,0.4162366701066392
highway_15,faster_rcnn_resnet101,0.2,0.2,0.7883616210599237
highway_15,faster_rcnn_resnet101,0.25,0.25,0.8682385575589459
highway_15,faster_rcnn_resnet101,0.3333333333333333,0.33333333333333337,0.9123595505617977
highway_15,faster_rcnn_resnet101,0.4,0.4,0.9409722222222223
highway_15,faster_rcnn_resnet101,0.5,0.5,0.9778239778239778
highway_15,faster_rcnn_resnet101,0.5555555555555556,0.5555555555555556,0.9786569495054659
highway_15,faster_rcnn_resnet101,0.6666666666666666,0.6666666666666667,0.9831976442057855
highway_15,faster_rcnn_resnet101,0.8333333333333334,0.8333333333333334,0.9916782246879333
highway_15,faster_rcnn_resnet101,1.0,1.0,1.0
highway_16,faster_rcnn_resnet101,0.05,0.05,0.21528566023458195
highway_16,faster_rcnn_resnet101,0.06666666666666667,0.06666666666666667,0.28879228879228874
highway_16,faster_rcnn_resnet101,0.1,0.1,0.422625804010594
highway_16,faster_rcnn_resnet101,0.2,0.2,0.7579305135951662
highway_16,faster_rcnn_resnet101,0.25,0.25,0.8312803284807765
highway_16,faster_rcnn_resnet101,0.3333333333333333,0.33333333333333337,0.8948159278737791
highway_16,faster_rcnn_resnet101,0.4,0.4,0.9230769230769231
highway_16,faster_rcnn_resnet101,0.5,0.5,0.9756280464941883
highway_16,faster_rcnn_resnet101,0.5555555555555556,0.5555555555555556,0.9791627557724799
highway_16,faster_rcnn_resnet101,0.6666666666666666,0.6666666666666667,0.9817908766660409
highway_16,faster_rcnn_resnet101,0.8333333333333334,0.8333333333333334,0.991747936984246
highway_16,faster_rcnn_resnet101,1.0,1.0,1.0
highway_17,faster_rcnn_resnet101,0.05,0.05,0.17177647314633618
highway_17,faster_rcnn_resnet101,0.06666666666666667,0.06666666666666667,0.22824661128115434
highway_17,faster_rcnn_resnet101,0.1,0.1,0.345764173313214
highway_17,faster_rcnn_resnet101,0.2,0.2,0.6787643119464246
highway_17,faster_rcnn_resnet101,0.25,0.25,0.792904466766403
highway_17,faster_rcnn_resnet101,0.3333333333333333,0.33333333333333337,0.896051227321238
highway_17,faster_rcnn_resnet101,0.4,0.4,0.9257265877287406
highway_17,faster_rcnn_resnet101,0.5,0.5,0.9766645257974738
highway_17,faster_rcnn_resnet101,0.5555555555555556,0.5555555555555556,0.9768041237113402
highway_17,faster_rcnn_resnet101,0.6666666666666666,0.6666666666666667,0.9831304719197096
highway_17,faster_rcnn_resnet101,0.8333333333333334,0.8333333333333334,0.9914529914529914
highway_17,faster_rcnn_resnet101,1.0,1.0,1.0
highway_18,faster_rcnn_resnet101,0.05,0.05,0.1671957671957672
highway_18,faster_rcnn_resnet101,0.06666666666666667,0.06666666666666667,0.21685058679278332
highway_18,faster_rcnn_resnet101,0.1,0.1,0.3289152424136728
highway_18,faster_rcnn_resnet101,0.2,0.2,0.6482925983706014
highway_18,faster_rcnn_resnet101,0.25,0.25,0.7749565217391305
highway_18,faster_rcnn_resnet101,0.3333333333333333,0.33333333333333337,0.8833506403599862
highway_18,faster_rcnn_resnet101,0.4,0.4,0.9194132873166524
highway_18,faster_rcnn_resnet101,0.5,0.5,0.9719529085872576
highway_18,faster_rcnn_resnet101,0.5555555555555556,0.5555555555555556,0.9789000345901073
highway_18,faster_rcnn_resnet101,0.6666666666666666,0.6666666666666667,0.9820441988950276
highway_18,faster_rcnn_resnet101,0.8333333333333334,0.8333333333333334,0.9905025038853393
highway_18,faster_rcnn_resnet101,1.0,1.0,1.0
highway_19,faster_rcnn_resnet101,0.05,0.05,0.157973174366617
highway_19,faster_rcnn_resnet101,0.06666666666666667,0.06666666666666667,0.20310176333120883
highway_19,faster_rcnn_resnet101,0.1,0.1,0.3109794795853607
highway_19,faster_rcnn_resnet101,0.2,0.2,0.6192573945877909
highway_19,faster_rcnn_resnet101,0.25,0.25,0.7437670228367904
highway_19,faster_rcnn_resnet101,0.3333333333333333,0.33333333333333337,0.8755779739386296
highway_19,faster_rcnn_resnet101,0.4,0.4,0.9168934477705674
highway_19,faster_rcnn_resnet101,0.5,0.5,0.9751098096632503
highway_19,faster_rcnn_resnet101,0.5555555555555556,0.5555555555555556,0.9790794979079498
highway_19,faster_rcnn_resnet101,0.6666666666666666,0.6666666666666667,0.9832144355853966
highway_19,faster_rcnn_resnet101,0.8333333333333334,0.8333333333333334,0.9914172074523759
highway_19,faster_rcnn_resnet101,1.0,1.0,1.0
highway_20,faster_rcnn_resnet101,0.05,0.05,0.1593625498007968
highway_20,faster_rcnn_resnet101,0.06666666666666667,0.06666666666666667,0.21119175837040507
highway_20,faster_rcnn_resnet101,0.1,0.1,0.3159122725151657
highway_20,faster_rcnn_resnet101,0.2,0.2,0.6135027052458244
highway_20,faster_rcnn_resnet101,0.25,0.25,0.7434210526315789
highway_20,faster_rcnn_resnet101,0.3333333333333333,0.33333333333333337,0.8835891381345927
highway_20,faster_rcnn_resnet101,0.4,0.4,0.9214536928487691
highway_20,faster_rcnn_resnet101,0.5,0.5,0.9736718382698636
highway_20,faster_rcnn_resnet101,0.5555555555555556,0.5555555555555556,0.9762632197414806
highway_20,faster_rcnn_resnet101,0.6666666666666666,0.6666666666666667,0.9851590106007068
highway_20,faster_rcnn_resnet101,0.8333333333333334,0.8333333333333334,0.9926938486919633
highway_20,faster_rcnn_resnet101,1.0,1.0,1.0
highway_21,faster_rcnn_resnet101,0.05,0.05,0.1487603305785124
highway_21,faster_rcnn_resnet101,0.06666666666666667,0.06666666666666667,0.1891891891891892
highway_21,faster_rcnn_resnet101,0.1,0.1,0.2866766467065868
highway_21,faster_rcnn_resnet101,0.2,0.2,0.5656489979396891
highway_21,faster_rcnn_resnet101,0.25,0.25,0.7027945619335348
highway_21,faster_rcnn_resnet101,0.3333333333333333,0.33333333333333337,0.8632738321306495
highway_21,faster_rcnn_resnet101,0.4,0.4,0.9079962370649106
highway_21,faster_rcnn_resnet101,0.5,0.5,0.9723380068207655
highway_21,faster_rcnn_resnet101,0.5555555555555556,0.5555555555555556,0.9797998867283367
highway_21,faster_rcnn_resnet101,0.6666666666666666,0.6666666666666667,0.980630459551842
highway_21,faster_rcnn_resnet101,0.8333333333333334,0.8333333333333334,0.989177900132903
highway_21,faster_rcnn_resnet101,1.0,1.0,1.0
highway_22,faster_rcnn_resnet101,0.05,0.05,0.14291247095274978
highway_22,faster_rcnn_resnet101,0.06666666666666667,0.06666666666666667,0.1921431349669389
highway_22,faster_rcnn_resnet101,0.1,0.1,0.27735517846693974
highway_22,faster_rcnn_resnet101,0.2,0.2,0.5521280749707145
highway_22,faster_rcnn_resnet101,0.25,0.25,0.6838206627680312
highway_22,faster_rcnn_resnet101,0.3333333333333333,0.33333333333333337,0.8461388074291301
highway_22,faster_rcnn_resnet101,0.4,0.4,0.8968068535825546
highway_22,faster_rcnn_resnet101,0.5,0.5,0.9695086424548457
highway_22,faster_rcnn_resnet101,0.5555555555555556,0.5555555555555556,0.9748549323017408
highway_22,faster_rcnn_resnet101,0.6666666666666666,0.6666666666666667,0.9779941577409932
highway_22,faster_rcnn_resnet101,0.8333333333333334,0.8333333333333334,0.9875486381322958
highway_22,faster_rcnn_resnet101,1.0,1.0,1.0
highway_23,faster_rcnn_resnet101,0.05,0.05,0.1298932384341637
highway_23,faster_rcnn_resnet101,0.06666666666666667,0.06666666666666667,0.16607617360496016
highway_23,faster_rcnn_resnet101,0.1,0.1,0.25299600532623173
highway_23,faster_rcnn_resnet101,0.2,0.2,0.4996689472522622
highway_23,faster_rcnn_resnet101,0.25,0.25,0.6346992153443767
highway_23,faster_rcnn_resnet101,0.3333333333333333,0.33333333333333337,0.8150251146538545
highway_23,faster_rcnn_resnet101,0.4,0.4,0.8739348918505572
highway_23,faster_rcnn_resnet101,0.5,0.5,0.9682055749128919
highway_23,faster_rcnn_resnet101,0.5555555555555556,0.5555555555555556,0.9742807323452485
highway_23,faster_rcnn_resnet101,0.6666666666666666,0.6666666666666667,0.9790484504583151
highway_23,faster_rcnn_resnet101,0.8333333333333334,0.8333333333333334,0.9877889228085477
highway_23,faster_rcnn_resnet101,1.0,1.0,1.0
highway_24,faster_rcnn_resnet101,0.05,0.05,0.13648293963254596
highway_24,faster_rcnn_resnet101,0.06666666666666667,0.06666666666666667,0.17899280575539567
highway_24,faster_rcnn_resnet101,0.1,0.1,0.27089337175792505
highway_24,faster_rcnn_resnet101,0.2,0.2,0.5391304347826087
highway_24,faster_rcnn_resnet101,0.25,0.25,0.6651162790697676
highway_24,faster_rcnn_resnet101,0.3333333333333333,0.33333333333333337,0.830046403712297
highway_24,faster_rcnn_resnet101,0.4,0.4,0.896231884057971
highway_24,faster_rcnn_resnet101,0.5,0.5,0.9708454810495627
highway_24,faster_rcnn_resnet101,0.5555555555555556,0.5555555555555556,0.9760932944606414
highway_24,faster_rcnn_resnet101,0.6666666666666666,0.6666666666666667,0.9779069767441859
highway_24,faster_rcnn_resnet101,0.8333333333333334,0.8333333333333334,0.9886528949665405
highway_24,faster_rcnn_resnet101,1.0,1.0,1.0
highway_25,faster_rcnn_resnet101,0.05,0.05,0.13356643356643355
highway_25,faster_rcnn_resnet101,0.06666666666666667,0.06666666666666667,0.1829787234042553
highway_25,faster_rcnn_resnet101,0.1,0.1,0.26986301369863014
highway_25,faster_rcnn_resnet101,0.2,0.2,0.5360967184801381
highway_25,faster_rcnn_resnet101,0.25,0.25,0.6555090655509065
highway_25,faster_rcnn_resnet101,0.3333333333333333,0.33333333333333337,0.8247277836318933
highway_25,faster_rcnn_resnet101,0.4,0.4,0.8879639264654874
highway_25,faster_rcnn_resnet101,0.5,0.5,0.9672473867595819
highway_25,faster_rcnn_resnet101,0.5555555555555556,0.5555555555555556,0.9711304347826086
highway_25,faster_rcnn_resnet101,0.6666666666666666,0.6666666666666667,0.9775753328661527
highway_25,faster_rcnn_resnet101,0.8333333333333334,0.8333333333333334,0.9863588667366212
highway_25,faster_rcnn_resnet101,1.0,1.0,1.0
highway_26,faster_rcnn_resnet101,0.05,0.05,0.14552339734920205
highway_26,faster_rcnn_resnet101,0.06666666666666667,0.06666666666666667,0.19533369506239825
highway_26,faster_rcnn_resnet101,0.1,0.1,0.294341675734494
highway_26,faster_rcnn_resnet101,0.2,0.2,0.5776212408561365
highway_26,faster_rcnn_resnet101,0.25,0.25,0.7119828049435787
highway_26,faster_rcnn_resnet101,0.3333333333333333,0.33333333333333337,0.8599242833964305
highway_26,faster_rcnn_resnet101,0.4,0.4,0.9034874290348742
highway_26,faster_rcnn_resnet101,0.5,0.5,0.9665768194070081
highway_26,faster_rcnn_resnet101,0.5555555555555556,0.5555555555555556,0.9745395449620802
highway_26,faster_rcnn_resnet101,0.6666666666666666,0.6666666666666667,0.9737625101433596
highway_26,faster_rcnn_resnet101,0.8333333333333334,0.8333333333333334,0.9881081081081082
highway_26,faster_rcnn_resnet101,1.0,1.0,1.0
highway_27,faster_rcnn_resnet101,0.05,0.05,0.1447402429568364
highway_27,faster_rcnn_resnet101,0.06666666666666667,0.06666666666666667,0.1878803916379995
highway_27,faster_rcnn_resnet101,0.1,0.1,0.28770301624129924
highway_27,faster_rcnn_resnet101,0.2,0.2,0.5752785695776109
highway_27,faster_rcnn_resnet101,0.25,0.25,0.716087516087516
highway_27,faster_rcnn_resnet101,0.3333333333333333,0.33333333333333337,0.8775826446280991
highway_27,faster_rcnn_resnet101,0.4,0.4,0.910497807583183
highway_27,faster_rcnn_resnet101,0.5,0.5,0.9735558408215661
highway_27,faster_rcnn_resnet101,0.5555555555555556,0.5555555555555556,0.975458537845518
highway_27,faster_rcnn_resnet101,0.6666666666666666,0.6666666666666667,0.9832517392424632
highway_27,faster_rcnn_resnet101,0.8333333333333334,0.8333333333333334,0.992539233341909
highway_27,faster_rcnn_resnet101,1.0,1.0,1.0
highway_28,faster_rcnn_resnet101,0.05,0.05,0.16614645858343338
highway_28,faster_rcnn_resnet101,0.06666666666666667,0.06666666666666667,0.2075696262794573
highway_28,faster_rcnn_resnet101,0.1,0.1,0.3175579744439186
highway_28,faster_rcnn_resnet101,0.2,0.2,0.6303684581084252
highway_28,faster_rcnn_resnet101,0.25,0.25,0.7602611940298508
highway_28,faster_rcnn_resnet101,0.3333333333333333,0.33333333333333337,0.8925813245963024
highway_28,faster_rcnn_resnet101,0.4,0.4,0.9228604923798359
highway_28,faster_rcnn_resnet101,0.5,0.5,0.9682983682983682
highway_28,faster_rcnn_resnet101,0.5555555555555556,0.5555555555555556,0.9770706598034627
highway_28,faster_rcnn_resnet101,0.6666666666666666,0.6666666666666667,0.9824643441664719
highway_28,faster_rcnn_resnet101,0.8333333333333334,0.8333333333333334,0.9902006532897806
highway_28,faster_rcnn_resnet101,1.0,1.0,1.0
highway_29,faster_rcnn_resnet101,0.05,0.05,0.1611848432390844
highway_29,faster_rcnn_resnet101,0.06666666666666667,0.06666666666666667,0.22059953881629518
highway_29,faster_rcnn_resnet101,0.1,0.1,0.32263086203541547
highway_29,faster_rcnn_resnet101,0.2,0.2,0.6429957314707024
highway_29,faster_rcnn_resnet101,0.25,0.25,0.7713895926719937
highway_29,faster_rcnn_resnet101,0.3333333333333333,0.33333333333333337,0.8920278637770898
highway_29,faster_rcnn_resnet101,0.4,0.4,0.9238834951456311
highway_29,faster_rcnn_resnet101,0.5,0.5,0.9741597046823393
highway_29,faster_rcnn_resnet101,0.5555555555555556,0.5555555555555556,0.9760653823701109
highway_29,faster_rcnn_resnet101,0.6666666666666666,0.6666666666666667,0.9813953488372094
highway_29,faster_rcnn_resnet101,0.8333333333333334,0.8333333333333334,0.9910748932867677
highway_29,faster_rcnn_resnet101,1.0,1.0,1.0
highway_30,faster_rcnn_resnet101,0.05,0.05,0.1654219566840926
highway_30,faster_rcnn_resnet101,0.06666666666666667,0.06666666666666667,0.21456079222446361
highway_30,faster_rcnn_resnet101,0.1,0.1,0.3228550295857988
highway_30,faster_rcnn_resnet101,0.2,0.2,0.6394283620373763
highway_30,faster_rcnn_resnet101,0.25,0.25,0.7741461623209694
highway_30,faster_rcnn_resnet101,0.3333333333333333,0.33333333333333337,0.8780487804878049
highway_30,faster_rcnn_resnet101,0.4,0.4,0.9205419260344196
highway_30,faster_rcnn_resnet101,0.5,0.5,0.9710728670816551
highway_30,faster_rcnn_resnet101,0.5555555555555556,0.5555555555555556,0.9744152046783626
highway_30,faster_rcnn_resnet101,0.6666666666666666,0.6666666666666667,0.9781931464174455
highway_30,faster_rcnn_resnet101,0.8333333333333334,0.8333333333333334,0.9882826803368729
highway_30,faster_rcnn_resnet101,1.0,1.0,1.0
highway_31,faster_rcnn_resnet101,0.05,0.05,0.15706806282722513
highway_31,faster_rcnn_resnet101,0.06666666666666667,0.06666666666666667,0.2062960482250502
highway_31,faster_rcnn_resnet101,0.1,0.1,0.31526016615653696
highway_31,faster_rcnn_resnet101,0.2,0.2,0.6262802353453911
highway_31,faster_rcnn_resnet101,0.25,0.25,0.7582897033158814
highway_31,faster_rcnn_resnet101,0.3333333333333333,0.33333333333333337,0.8836601307189543
highway_31,faster_rcnn_resnet101,0.4,0.4,0.9178112055809898
highway_31,faster_rcnn_resnet101,0.5,0.5,0.975704989154013
highway_31,faster_rcnn_resnet101,0.5555555555555556,0.5555555555555556,0.975238922675934
highway_31,faster_rcnn_resnet101,0.6666666666666666,0.6666666666666667,0.9837062785140126
highway_31,faster_rcnn_resnet101,0.8333333333333334,0.8333333333333334,0.9924061618572357
highway_31,faster_rcnn_resnet101,1.0,1.0,1.0
highway_32,faster_rcnn_resnet101,0.05,0.05,0.15384615384615385
highway_32,faster_rcnn_resnet101,0.06666666666666667,0.06666666666666667,0.20958441041956652
highway_32,faster_rcnn_resnet101,0.1,0.1,0.3106450336367234
highway_32,faster_rcnn_resnet101,0.2,0.2,0.6119550207141449
highway_32,faster_rcnn_resnet101,0.25,0.25,0.7412254610350981
highway_32,faster_rcnn_resnet101,0.3333333333333333,0.33333333333333337,0.8714995034756703
highway_32,faster_rcnn_resnet101,0.4,0.4,0.9126905563254801
highway_32,faster_rcnn_resnet101,0.5,0.5,0.9754358161648178
highway_32,faster_rcnn_resnet101,0.5555555555555556,0.5555555555555556,0.9759872990672752
highway_32,faster_rcnn_resnet101,0.6666666666666666,0.6666666666666667,0.9805401111993645
highway_32,faster_rcnn_resnet101,0.8333333333333334,0.8333333333333334,0.9898989898989898
highway_32,faster_rcnn_resnet101,1.0,1.0,1.0
highway_33,faster_rcnn_resnet101,0.05,0.05,0.15985384791048182
highway_33,faster_rcnn_resnet101,0.06666666666666667,0.06666666666666667,0.2133213321332133
highway_33,faster_rcnn_resnet101,0.1,0.1,0.3263181715320208
highway_33,faster_rcnn_resnet101,0.2,0.2,0.6546924113156712
highway_33,faster_rcnn_resnet101,0.25,0.25,0.7865319865319865
highway_33,faster_rcnn_resnet101,0.3333333333333333,0.33333333333333337,0.8922596475574393
highway_33,faster_rcnn_resnet101,0.4,0.4,0.9263913824057451
highway_33,faster_rcnn_resnet101,0.5,0.5,0.9773897470338034
highway_33,faster_rcnn_resnet101,0.5555555555555556,0.5555555555555556,0.9796101277167825
highway_33,faster_rcnn_resnet101,0.6666666666666666,0.6666666666666667,0.9823778719607406
highway_33,faster_rcnn_resnet101,0.8333333333333334,0.8333333333333334,0.9897275569450649
highway_33,faster_rcnn_resnet101,1.0,1.0,1.0
highway_34,faster_rcnn_resnet101,0.05,0.05,0.1552843417294209
highway_34,faster_rcnn_resnet101,0.06666666666666667,0.06666666666666667,0.21203007518796993
highway_34,faster_rcnn_resnet101,0.1,0.1,0.30567010309278353
highway_34,faster_rcnn_resnet101,0.2,0.2,0.6171136653895275
highway_34,faster_rcnn_resnet101,0.25,0.25,0.7443877551020408
highway_34,faster_rcnn_resnet101,0.3333333333333333,0.33333333333333337,0.8707379134860052
highway_34,faster_rcnn_resnet101,0.4,0.4,0.9168996188055908
highway_34,faster_rcnn_resnet101,0.5,0.5,0.9741510390268627
highway_34,faster_rcnn_resnet101,0.5555555555555556,0.5555555555555556,0.977766548762001
highway_34,faster_rcnn_resnet101,0.6666666666666666,0.6666666666666667,0.9832742017232641
highway_34,faster_rcnn_resnet101,0.8333333333333334,0.8333333333333334,0.9908768373035985
highway_34,faster_rcnn_resnet101,1.0,1.0,1.0
highway_35,faster_rcnn_resnet101,0.05,0.05,0.17376072867402345
highway_35,faster_rcnn_resnet101,0.06666666666666667,0.06666666666666667,0.228310502283105
highway_35,faster_rcnn_resnet101,0.1,0.1,0.34217368694747785
highway_35,faster_rcnn_resnet101,0.2,0.2,0.6762415642844782
highway_35,faster_rcnn_resnet101,0.25,0.25,0.8003469210754554
highway_35,faster_rcnn_resnet101,0.3333333333333333,0.33333333333333337,0.8885416666666667
highway_35,faster_rcnn_resnet101,0.4,0.4,0.9275915957631534
highway_35,faster_rcnn_resnet101,0.5,0.5,0.9773238705210316
highway_35,faster_rcnn_resnet101,0.5555555555555556,0.5555555555555556,0.9798681013536966
highway_35,faster_rcnn_resnet101,0.6666666666666666,0.6666666666666667,0.9821273642200243
highway_35,faster_rcnn_resnet101,0.8333333333333334,0.8333333333333334,0.9906282540784449
highway_35,faster_rcnn_resnet101,1.0,1.0,1.0
highway_36,faster_rcnn_resnet101,0.05,0.05,0.17882836587872558
highway_36,faster_rcnn_resnet101,0.06666666666666667,0.06666666666666667,0.23547990875592212
highway_36,faster_rcnn_resnet101,0.1,0.1,0.3517015028502332
highway_36,faster_rcnn_resnet101,0.2,0.2,0.6826555439694125
highway_36,faster_rcnn_resnet101,0.25,0.25,0.7816091954022989
highway_36,faster_rcnn_resnet101,0.3333333333333333,0.33333333333333337,0.874698795180723
highway_36,faster_rcnn_resnet101,0.4,0.4,0.9162339910003461
highway_36,faster_rcnn_resnet101,0.5,0.5,0.9753999655943575
highway_36,faster_rcnn_resnet101,0.5555555555555556,0.5555555555555556,0.9795074909591872
highway_36,faster_rcnn_resnet101,0.6666666666666666,0.6666666666666667,0.9829692069499397
highway_36,faster_rcnn_resnet101,0.8333333333333334,0.8333333333333334,0.9917412250516173
highway_36,faster_rcnn_resnet101,1.0,1.0,1.0
highway_37,faster_rcnn_resnet101,0.05,0.05,0.18102134146341464
highway_37,faster_rcnn_resnet101,0.06666666666666667,0.06666666666666667,0.23282226007950027
highway_37,faster_rcnn_resnet101,0.1,0.1,0.3380605596013798
highway_37,faster_rcnn_resnet101,0.2,0.2,0.6679202707784883
highway_37,faster_rcnn_resnet101,0.25,0.25,0.7988805970149253
highway_37,faster_rcnn_resnet101,0.3333333333333333,0.33333333333333337,0.8947368421052633
highway_37,faster_rcnn_resnet101,0.4,0.4,0.9225878833208677
highway_37,faster_rcnn_resnet101,0.5,0.5,0.9704451926674149
highway_37,faster_rcnn_resnet101,0.5555555555555556,0.5555555555555556,0.9745021403312861
highway_37,faster_rcnn_resnet101,0.6666666666666666,0.6666666666666667,0.9819265884106577
highway_37,faster_rcnn_resnet101,0.8333333333333334,0.8333333333333334,0.9899253731343283
highway_37,faster_rcnn_resnet101,1.0,1.0,1.0
highway_38,faster_rcnn_resnet101,0.05,0.05,0.187662208025554
highway_38,faster_rcnn_resnet101,0.06666666666666667,0.06666666666666667,0.2441977800201816
highway_38,faster_rcnn_resnet101,0.1,0.1,0.36693548387096775
highway_38,faster_rcnn_resnet101,0.2,0.2,0.6924774322968907
highway_38,faster_rcnn_resnet101,0.25,0.25,0.803272146847566
highway_38,faster_rcnn_resnet101,0.3333333333333333,0.33333333333333337,0.9002598440935439
highway_38,faster_rcnn_resnet101,0.4,0.4,0.9322135572885423
highway_38,faster_rcnn_resnet101,0.5,0.5,0.9792000000000001
highway_38,faster_rcnn_resnet101,0.5555555555555556,0.5555555555555556,0.979216626698641
highway_38,faster_rcnn_resnet101,0.6666666666666666,0.6666666666666667,0.9838097141714971
highway_38,faster_rcnn_resnet101,0.8333333333333334,0.8333333333333334,0.9913982796559312
highway_38,faster_rcnn_resnet101,1.0,1.0,1.0
highway_39,faster_rcnn_resnet101,0.05,0.05,0.16987583228360625
highway_39,faster_rcnn_resnet101,0.06666666666666667,0.06666666666666667,0.2212197762540599
highway_39,faster_rcnn_resnet101,0.1,0.1,0.32931437826165194
highway_39,faster_rcnn_resnet101,0.2,0.2,0.6434039522876981
highway_39,faster_rcnn_resnet101,0.25,0.25,0.7634543178973717
highway_39,faster_rcnn_resnet101,0.3333333333333333,0.33333333333333337,0.8674439461883408
highway_39,faster_rcnn_resnet101,0.4,0.4,0.9113291703835861
highway_39,faster_rcnn_resnet101,0.5,0.5,0.9729439168607776
highway_39,faster_rcnn_resnet101,0.5555555555555556,0.5555555555555556,0.9778650481970724
highway_39,faster_rcnn_resnet101,0.6666666666666666,0.6666666666666667,0.9799642218246869
highway_39,faster_rcnn_resnet101,0.8333333333333334,0.8333333333333334,0.98978677656334
highway_39,faster_rcnn_resnet101,1.0,1.0,1.0
highway_40,faster_rcnn_resnet101,0.05,0.05,0.16003536693191867
highway_40,faster_rcnn_resnet101,0.06666666666666667,0.06666666666666667,0.20196604110813227
highway_40,faster_rcnn_resnet101,0.1,0.1,0.3033658104517272
highway_40,faster_rcnn_resnet101,0.2,0.2,0.5994261752372545
highway_40,faster_rcnn_resnet101,0.25,0.25,0.728543350076436
highway_40,faster_rcnn_resnet101,0.3333333333333333,0.33333333333333337,0.8641813821669937
highway_40,faster_rcnn_resnet101,0.4,0.4,0.9090909090909092
highway_40,faster_rcnn_resnet101,0.5,0.5,0.9666812801402893
highway_40,faster_rcnn_resnet101,0.5555555555555556,0.5555555555555556,0.9681388705778949
highway_40,faster_rcnn_resnet101,0.6666666666666666,0.6666666666666667,0.9768255356362047
highway_40,faster_rcnn_resnet101,0.8333333333333334,0.8333333333333334,0.9870755750273822
highway_40,faster_rcnn_resnet101,1.0,1.0,1.0
highway_41,faster_rcnn_resnet101,0.05,0.05,0.1684655091506335
highway_41,faster_rcnn_resnet101,0.06666666666666667,0.06666666666666667,0.2187647336162188
highway_41,faster_rcnn_resnet101,0.1,0.1,0.32758620689655166
highway_41,faster_rcnn_resnet101,0.2,0.2,0.6454183266932271
highway_41,faster_rcnn_resnet101,0.25,0.25,0.7870154133582439
highway_41,faster_rcnn_resnet101,0.3333333333333333,0.33333333333333337,0.9034224097515238
highway_41,faster_rcnn_resnet101,0.4,0.4,0.9346757199719036
highway_41,faster_rcnn_resnet101,0.5,0.5,0.9775386055217595
highway_41,faster_rcnn_resnet101,0.5555555555555556,0.5555555555555556,0.9777569655818309
highway_41,faster_rcnn_resnet101,0.6666666666666666,0.6666666666666667,0.9850257370145062
highway_41,faster_rcnn_resnet101,0.8333333333333334,0.8333333333333334,0.9925058548009368
highway_41,faster_rcnn_resnet101,1.0,1.0,1.0
highway_42,faster_rcnn_resnet101,0.05,0.05,0.1528406234288587
highway_42,faster_rcnn_resnet101,0.06666666666666667,0.06666666666666667,0.20040485829959515
highway_42,faster_rcnn_resnet101,0.1,0.1,0.30846019465934615
highway_42,faster_rcnn_resnet101,0.2,0.2,0.6032225579053373
highway_42,faster_rcnn_resnet101,0.25,0.25,0.7463512833417212
highway_42,faster_rcnn_resnet101,0.3333333333333333,0.33333333333333337,0.8846250946730625
highway_42,faster_rcnn_resnet101,0.4,0.4,0.9223446893787575
highway_42,faster_rcnn_resnet101,0.5,0.5,0.9720332577475435
highway_42,faster_rcnn_resnet101,0.5555555555555556,0.5555555555555556,0.9764292878635908
highway_42,faster_rcnn_resnet101,0.6666666666666666,0.6666666666666667,0.9811035525321239
highway_42,faster_rcnn_resnet101,0.8333333333333334,0.8333333333333334,0.9899142713061019
highway_42,faster_rcnn_resnet101,1.0,1.0,1.0
highway_43,faster_rcnn_resnet101,0.05,0.05,0.1619753086419753
highway_43,faster_rcnn_resnet101,0.06666666666666667,0.06666666666666667,0.21105527638190955
highway_43,faster_rcnn_resnet101,0.1,0.1,0.3180246913580247
highway_43,faster_rcnn_resnet101,0.2,0.2,0.6306930693069307
highway_43,faster_rcnn_resnet101,0.25,0.25,0.7602166420482521
highway_43,faster_rcnn_resnet101,0.3333333333333333,0.33333333333333337,0.8879586308790938
highway_43,faster_rcnn_resnet101,0.4,0.4,0.9254689042448174
highway_43,faster_rcnn_resnet101,0.5,0.5,0.9734251968503936
highway_43,faster_rcnn_resnet101,0.5555555555555556,0.5555555555555556,0.9748396645288603
highway_43,faster_rcnn_resnet101,0.6666666666666666,0.6666666666666667,0.9832512315270937
highway_43,faster_rcnn_resnet101,0.8333333333333334,0.8333333333333334,0.9916132215096201
highway_43,faster_rcnn_resnet101,1.0,1.0,1.0
highway_44,faster_rcnn_resnet101,0.05,0.05,0.16968386922453388
highway_44,faster_rcnn_resnet101,0.06666666666666667,0.06666666666666667,0.22904431393486388
highway_44,faster_rcnn_resnet101,0.1,0.1,0.3386186509002956
highway_44,faster_rcnn_resnet101,0.2,0.2,0.6689710183461844
highway_44,faster_rcnn_resnet101,0.25,0.25,0.7865707434052758
highway_44,faster_rcnn_resnet101,0.3333333333333333,0.33333333333333337,0.891450013401233
highway_44,faster_rcnn_resnet101,0.4,0.4,0.9253811179459749
highway_44,faster_rcnn_resnet101,0.5,0.5,0.9708165997322624
highway_44,faster_rcnn_resnet101,0.5555555555555556,0.5555555555555556,0.9729149906141056
highway_44,faster_rcnn_resnet101,0.6666666666666666,0.6666666666666667,0.9796027911969942
highway_44,faster_rcnn_resnet101,0.8333333333333334,0.8333333333333334,0.9890109890109889
highway_44,faster_rcnn_resnet101,1.0,1.0,1.0
highway_45,faster_rcnn_resnet101,0.05,0.05,0.1644620811287478
highway_45,faster_rcnn_resnet101,0.06666666666666667,0.06666666666666667,0.21729587357330993
highway_45,faster_rcnn_resnet101,0.1,0.1,0.31672597864768687
highway_45,faster_rcnn_resnet101,0.2,0.2,0.6373045584672979
highway_45,faster_rcnn_resnet101,0.25,0.25,0.7577365163572061
highway_45,faster_rcnn_resnet101,0.3333333333333333,0.33333333333333337,0.878941565600882
highway_45,faster_rcnn_resnet101,0.4,0.4,0.9169420577219652
highway_45,faster_rcnn_resnet101,0.5,0.5,0.9700308505949757
highway_45,faster_rcnn_resnet101,0.5555555555555556,0.5555555555555556,0.9795379537953796
highway_45,faster_rcnn_resnet101,0.6666666666666666,0.6666666666666667,0.9823866138265082
highway_45,faster_rcnn_resnet101,0.8333333333333334,0.8333333333333334,0.991193306913254
highway_45,faster_rcnn_resnet101,1.0,1.0,1.0
highway_46,faster_rcnn_resnet101,0.05,0.05,0.1626464507236389
highway_46,faster_rcnn_resnet101,0.06666666666666667,0.06666666666666667,0.2233052724856004
highway_46,faster_rcnn_resnet101,0.1,0.1,0.3213969938107869
highway_46,faster_rcnn_resnet101,0.2,0.2,0.6497595102754701
highway_46,faster_rcnn_resnet101,0.25,0.25,0.770520741394528
highway_46,faster_rcnn_resnet101,0.3333333333333333,0.33333333333333337,0.8799646954986761
highway_46,faster_rcnn_resnet101,0.4,0.4,0.9208916083916083
highway_46,faster_rcnn_resnet101,0.5,0.5,0.9728427507665353
highway_46,faster_rcnn_resnet101,0.5555555555555556,0.5555555555555556,0.9769565217391305
highway_46,faster_rcnn_resnet101,0.6666666666666666,0.6666666666666667,0.9815789473684211
highway_46,faster_rcnn_resnet101,0.8333333333333334,0.8333333333333334,0.9896952422714317
highway_46,faster_rcnn_resnet101,1.0,1.0,1.0
highway_47,faster_rcnn_resnet101,0.05,0.05,0.19730941704035876
highway_47,faster_rcnn_resnet101,0.06666666666666667,0.06666666666666667,0.2536418166238218
highway_47,faster_rcnn_resnet101,0.1,0.1,0.38466373350094285
highway_47,faster_rcnn_resnet101,0.2,0.2,0.7380601725226172
highway_47,faster_rcnn_resnet101,0.25,0.25,0.829738219895288
highway_47,faster_rcnn_resnet101,0.3333333333333333,0.33333333333333337,0.9006870705808869
highway_47,faster_rcnn_resnet101,0.4,0.4,0.9336403600586142
highway_47,faster_rcnn_resnet101,0.5,0.5,0.9722858928943531
highway_47,faster_rcnn_resnet101,0.5555555555555556,0.5555555555555556,0.9747548508241184
highway_47,faster_rcnn_resnet101,0.6666666666666666,0.6666666666666667,0.9808333333333333
highway_47,faster_rcnn_resnet101,0.8333333333333334,0.8333333333333334,0.9897852824682092
highway_47,faster_rcnn_resnet101,1.0,1.0,1.0
highway_48,faster_rcnn_resnet101,0.05,0.05,0.2172164119066774
highway_48,faster_rcnn_resnet101,0.06666666666666667,0.06666666666666667,0.26747364310816085
highway_48,faster_rcnn_resnet101,0.1,0.1,0.40181388012618297
highway_48,faster_rcnn_resnet101,0.2,0.2,0.7462977396726422
highway_48,faster_rcnn_resnet101,0.25,0.25,0.825136612021858
highway_48,faster_rcnn_resnet101,0.3333333333333333,0.33333333333333337,0.8833853354134165
highway_48,faster_rcnn_resnet101,0.4,0.4,0.9179307662388176
highway_48,faster_rcnn_resnet101,0.5,0.5,0.9681553398058251
highway_48,faster_rcnn_resnet101,0.5555555555555556,0.5555555555555556,0.9749757516973812
highway_48,faster_rcnn_resnet101,0.6666666666666666,0.6666666666666667,0.9799415774099318
highway_48,faster_rcnn_resnet101,0.8333333333333334,0.8333333333333334,0.9885280964417655
highway_48,faster_rcnn_resnet101,1.0,1.0,1.0
highway_49,faster_rcnn_resnet101,0.05,0.05,0.1951985640565403
highway_49,faster_rcnn_resnet101,0.06666666666666667,0.06666666666666667,0.2618310482087572
highway_49,faster_rcnn_resnet101,0.1,0.1,0.39894203217985447
highway_49,faster_rcnn_resnet101,0.2,0.2,0.7546337157987644
highway_49,faster_rcnn_resnet101,0.25,0.25,0.8428729281767956
highway_49,faster_rcnn_resnet101,0.3333333333333333,0.33333333333333337,0.8994896827157755
highway_49,faster_rcnn_resnet101,0.4,0.4,0.9268941072219761
highway_49,faster_rcnn_resnet101,0.5,0.5,0.9757831592979337
highway_49,faster_rcnn_resnet101,0.5555555555555556,0.5555555555555556,0.976713240186294
highway_49,faster_rcnn_resnet101,0.6666666666666666,0.6666666666666667,0.9831335996449179
highway_49,faster_rcnn_resnet101,0.8333333333333334,0.8333333333333334,0.9915593069746779
highway_49,faster_rcnn_resnet101,1.0,1.0,1.0
highway_50,faster_rcnn_resnet101,0.05,0.05,0.18514750762970494
highway_50,faster_rcnn_resnet101,0.06666666666666667,0.06666666666666667,0.24057450628366248
highway_50,faster_rcnn_resnet101,0.1,0.1,0.3726758286176233
highway_50,faster_rcnn_resnet101,0.2,0.2,0.7051024507834471
highway_50,faster_rcnn_resnet101,0.25,0.25,0.8211708099438652
highway_50,faster_rcnn_resnet101,0.3333333333333333,0.33333333333333337,0.902736169362892
highway_50,faster_rcnn_resnet101,0.4,0.4,0.9271125350420505
highway_50,faster_rcnn_resnet101,0.5,0.5,0.9795999999999999
highway_50,faster_rcnn_resnet101,0.5555555555555556,0.5555555555555556,0.9807769323187824
highway_50,faster_rcnn_resnet101,0.6666666666666666,0.6666666666666667,0.9872153415900918
highway_50,faster_rcnn_resnet101,0.8333333333333334,0.8333333333333334,0.9928172386272945
highway_50,faster_rcnn_resnet101,1.0,1.0,1.0
highway_51,faster_rcnn_resnet101,0.05,0.05,0.18594104308390022
highway_51,faster_rcnn_resnet101,0.06666666666666667,0.06666666666666667,0.24810227726727924
highway_51,faster_rcnn_resnet101,0.1,0.1,0.3601720958819914
highway_51,faster_rcnn_resnet101,0.2,0.2,0.7080469065911847
highway_51,faster_rcnn_resnet101,0.25,0.25,0.8237912199069392
highway_51,faster_rcnn_resnet101,0.3333333333333333,0.33333333333333337,0.8944805194805195
highway_51,faster_rcnn_resnet101,0.4,0.4,0.9304207119741101
highway_51,faster_rcnn_resnet101,0.5,0.5,0.97420272191753
highway_51,faster_rcnn_resnet101,0.5555555555555556,0.5555555555555556,0.9795587937664441
highway_51,faster_rcnn_resnet101,0.6666666666666666,0.6666666666666667,0.9805194805194805
highway_51,faster_rcnn_resnet101,0.8333333333333334,0.8333333333333334,0.9898538961038961
highway_51,faster_rcnn_resnet101,1.0,1.0,1.0
highway_52,faster_rcnn_resnet101,0.05,0.05,0.16542502387774596
highway_52,faster_rcnn_resnet101,0.06666666666666667,0.06666666666666667,0.21863117870722434
highway_52,faster_rcnn_resnet101,0.1,0.1,0.3308920187793427
highway_52,faster_rcnn_resnet101,0.2,0.2,0.657703081232493
highway_52,faster_rcnn_resnet101,0.25,0.25,0.7871904673245207
highway_52,faster_rcnn_resnet101,0.3333333333333333,0.33333333333333337,0.8855018587360595
highway_52,faster_rcnn_resnet101,0.4,0.4,0.9215576672256381
highway_52,faster_rcnn_resnet101,0.5,0.5,0.9723715928054886
highway_52,faster_rcnn_resnet101,0.5555555555555556,0.5555555555555556,0.9749675505284627
highway_52,faster_rcnn_resnet101,0.6666666666666666,0.6666666666666667,0.981987000928505
highway_52,faster_rcnn_resnet101,0.8333333333333334,0.8333333333333334,0.9903489235337788
highway_52,faster_rcnn_resnet101,1.0,1.0,1.0
highway_53,faster_rcnn_resnet101,0.05,0.05,0.17784835252084163
highway_53,faster_rcnn_resnet101,0.06666666666666667,0.06666666666666667,0.2268789038887769
highway_53,faster_rcnn_resnet101,0.1,0.1,0.3487445197289757
highway_53,faster_rcnn_resnet101,0.2,0.2,0.6817820206841687
highway_53,faster_rcnn_resnet101,0.25,0.25,0.7996007984031936
highway_53,faster_rcnn_resnet101,0.3333333333333333,0.33333333333333337,0.8908366533864543
highway_53,faster_rcnn_resnet101,0.4,0.4,0.9244532803180914
highway_53,faster_rcnn_resnet101,0.5,0.5,0.9753184713375797
highway_53,faster_rcnn_resnet101,0.5555555555555556,0.5555555555555556,0.977105315548477
highway_53,faster_rcnn_resnet101,0.6666666666666666,0.6666666666666667,0.9825049701789265
highway_53,faster_rcnn_resnet101,0.8333333333333334,0.8333333333333334,0.9916500994035785
highway_53,faster_rcnn_resnet101,1.0,1.0,1.0
highway_54,faster_rcnn_resnet101,0.05,0.05,0.16022889842632332
highway_54,faster_rcnn_resnet101,0.06666666666666667,0.06666666666666667,0.2182244818146265
highway_54,faster_rcnn_resnet101,0.1,0.1,0.3235883059671606
highway_54,faster_rcnn_resnet101,0.2,0.2,0.6313262652530506
highway_54,faster_rcnn_resnet101,0.25,0.25,0.7538152610441767
highway_54,faster_rcnn_resnet101,0.3333333333333333,0.33333333333333337,0.8767123287671232
highway_54,faster_rcnn_resnet101,0.4,0.4,0.9188864410174244
highway_54,faster_rcnn_resnet101,0.5,0.5,0.972
highway_54,faster_rcnn_resnet101,0.5555555555555556,0.5555555555555556,0.9754735792622133
highway_54,faster_rcnn_resnet101,0.6666666666666666,0.6666666666666667,0.9831460674157304
highway_54,faster_rcnn_resnet101,0.8333333333333334,0.8333333333333334,0.9905754962903549
highway_54,faster_rcnn_resnet101,1.0,1.0,1.0
highway_55,faster_rcnn_resnet101,0.05,0.05,0.15961049957663
highway_55,faster_rcnn_resnet101,0.06666666666666667,0.06666666666666667,0.205575654394552
highway_55,faster_rcnn_resnet101,0.1,0.1,0.3214135464871687
highway_55,faster_rcnn_resnet101,0.2,0.2,0.6349339484168589
highway_55,faster_rcnn_resnet101,0.25,0.25,0.7590108968985749
highway_55,faster_rcnn_resnet101,0.3333333333333333,0.33333333333333337,0.879134595381735
highway_55,faster_rcnn_resnet101,0.4,0.4,0.9152187565417625
highway_55,faster_rcnn_resnet101,0.5,0.5,0.971989966555184
highway_55,faster_rcnn_resnet101,0.5555555555555556,0.5555555555555556,0.9781021897810219
highway_55,faster_rcnn_resnet101,0.6666666666666666,0.6666666666666667,0.9812656119900083
highway_55,faster_rcnn_resnet101,0.8333333333333334,0.8333333333333334,0.9899958315964986
highway_55,faster_rcnn_resnet101,1.0,1.0,1.0
highway_56,faster_rcnn_resnet101,0.05,0.05,0.18840579710144925
highway_56,faster_rcnn_resnet101,0.06666666666666667,0.06666666666666667,0.2581007679340701
highway_56,faster_rcnn_resnet101,0.1,0.1,0.37377911344853487
highway_56,faster_rcnn_resnet101,0.2,0.2,0.7252994011976047
highway_56,faster_rcnn_resnet101,0.25,0.25,0.8214553638409601
highway_56,faster_rcnn_resnet101,0.3333333333333333,0.33333333333333337,0.8942665673864483
highway_56,faster_rcnn_resnet101,0.4,0.4,0.9239985024335455
highway_56,faster_rcnn_resnet101,0.5,0.5,0.976083707025411
highway_56,faster_rcnn_resnet101,0.5555555555555556,0.5555555555555556,0.9766049036122029
highway_56,faster_rcnn_resnet101,0.6666666666666666,0.6666666666666667,0.9873276183376818
highway_56,faster_rcnn_resnet101,0.8333333333333334,0.8333333333333334,0.9934762348555451
highway_56,faster_rcnn_resnet101,1.0,1.0,1.0
highway_57,faster_rcnn_resnet101,0.05,0.05,0.20640865584685808
highway_57,faster_rcnn_resnet101,0.06666666666666667,0.06666666666666667,0.2817493692178301
highway_57,faster_rcnn_resnet101,0.1,0.1,0.4103419516263553
highway_57,faster_rcnn_resnet101,0.2,0.2,0.7471478946276707
highway_57,faster_rcnn_resnet101,0.25,0.25,0.8291785860237024
highway_57,faster_rcnn_resnet101,0.3333333333333333,0.33333333333333337,0.8918530679253027
highway_57,faster_rcnn_resnet101,0.4,0.4,0.9243142916065168
highway_57,faster_rcnn_resnet101,0.5,0.5,0.9737919737919737
highway_57,faster_rcnn_resnet101,0.5555555555555556,0.5555555555555556,0.9776410256410256
highway_57,faster_rcnn_resnet101,0.6666666666666666,0.6666666666666667,0.9815270935960592
highway_57,faster_rcnn_resnet101,0.8333333333333334,0.8333333333333334,0.9889253486464316
highway_57,faster_rcnn_resnet101,1.0,1.0,1.0
highway_58,faster_rcnn_resnet101,0.05,0.05,0.18555512869765653
highway_58,faster_rcnn_resnet101,0.06666666666666667,0.06666666666666667,0.2462203023758099
highway_58,faster_rcnn_resnet101,0.1,0.1,0.3733231123035646
highway_58,faster_rcnn_resnet101,0.2,0.2,0.707078457701899
highway_58,faster_rcnn_resnet101,0.25,0.25,0.8013750954927424
highway_58,faster_rcnn_resnet101,0.3333333333333333,0.33333333333333337,0.8945552147239264
highway_58,faster_rcnn_resnet101,0.4,0.4,0.9283931656747937
highway_58,faster_rcnn_resnet101,0.5,0.5,0.9747126436781609
highway_58,faster_rcnn_resnet101,0.5555555555555556,0.5555555555555556,0.981609195402299
highway_58,faster_rcnn_resnet101,0.6666666666666666,0.6666666666666667,0.9814140639969342
highway_58,faster_rcnn_resnet101,0.8333333333333334,0.8333333333333334,0.9892638036809817
highway_58,faster_rcnn_resnet101,1.0,1.0,1.0
highway_59,faster_rcnn_resnet101,0.05,0.05,0.1647467255799274
highway_59,faster_rcnn_resnet101,0.06666666666666667,0.06666666666666667,0.21788668643670986
highway_59,faster_rcnn_resnet101,0.1,0.1,0.3261041633686877
highway_59,faster_rcnn_resnet101,0.2,0.2,0.6353163957708694
highway_59,faster_rcnn_resnet101,0.25,0.25,0.7649364905127805
highway_59,faster_rcnn_resnet101,0.3333333333333333,0.33333333333333337,0.8662060301507537
highway_59,faster_rcnn_resnet101,0.4,0.4,0.9052797478329392
highway_59,faster_rcnn_resnet101,0.5,0.5,0.9740688354549741
highway_59,faster_rcnn_resnet101,0.5555555555555556,0.5555555555555556,0.9769700767664109
highway_59,faster_rcnn_resnet101,0.6666666666666666,0.6666666666666667,0.9821372610466937
highway_59,faster_rcnn_resnet101,0.8333333333333334,0.8333333333333334,0.9918392969240427
highway_59,faster_rcnn_resnet101,1.0,1.0,1.0
highway_60,faster_rcnn_resnet101,0.05,0.05,0.14736842105263157
highway_60,faster_rcnn_resnet101,0.06666666666666667,0.06666666666666667,0.19826464208242953
highway_60,faster_rcnn_resnet101,0.1,0.1,0.29362637362637367
highway_60,faster_rcnn_resnet101,0.2,0.2,0.5874186550976139
highway_60,faster_rcnn_resnet101,0.25,0.25,0.7157622739018088
highway_60,faster_rcnn_resnet101,0.3333333333333333,0.33333333333333337,0.8572656921754086
highway_60,faster_rcnn_resnet101,0.4,0.4,0.9052358286456079
highway_60,faster_rcnn_resnet101,0.5,0.5,0.9733905579399141
highway_60,faster_rcnn_resnet101,0.5555555555555556,0.5555555555555556,0.9770238350869658
highway_60,faster_rcnn_resnet101,0.6666666666666666,0.6666666666666667,0.9834444205547194
highway_60,faster_rcnn_resnet101,0.8333333333333334,0.8333333333333334,0.9916255099849688
highway_60,faster_rcnn_resnet101,1.0,1.0,1.0
highway_61,faster_rcnn_resnet101,0.05,0.05,0.16188373804267842
highway_61,faster_rcnn_resnet101,0.06666666666666667,0.06666666666666667,0.212091662603608
highway_61,faster_rcnn_resnet101,0.1,0.1,0.31214998782566356
highway_61,faster_rcnn_resnet101,0.2,0.2,0.6259097525473071
highway_61,faster_rcnn_resnet101,0.25,0.25,0.7604746912085251
highway_61,faster_rcnn_resnet101,0.3333333333333333,0.33333333333333337,0.8999037536092397
highway_61,faster_rcnn_resnet101,0.4,0.4,0.92594385285576
highway_61,faster_rcnn_resnet101,0.5,0.5,0.9779607653184791
highway_61,faster_rcnn_resnet101,0.5555555555555556,0.5555555555555556,0.9794636385600387
highway_61,faster_rcnn_resnet101,0.6666666666666666,0.6666666666666667,0.9867565615217915
highway_61,faster_rcnn_resnet101,0.8333333333333334,0.8333333333333334,0.994205697730565
highway_61,faster_rcnn_resnet101,1.0,1.0,1.0
highway_62,faster_rcnn_resnet101,0.05,0.05,0.15207473386921574
highway_62,faster_rcnn_resnet101,0.06666666666666667,0.06666666666666667,0.19016956428418114
highway_62,faster_rcnn_resnet101,0.1,0.1,0.28565328778821514
highway_62,faster_rcnn_resnet101,0.2,0.2,0.5692695214105794
highway_62,faster_rcnn_resnet101,0.25,0.25,0.7163803937997486
highway_62,faster_rcnn_resnet101,0.3333333333333333,0.33333333333333337,0.8648648648648649
highway_62,faster_rcnn_resnet101,0.4,0.4,0.9048616932103939
highway_62,faster_rcnn_resnet101,0.5,0.5,0.9709840201850294
highway_62,faster_rcnn_resnet101,0.5555555555555556,0.5555555555555556,0.9764903442485307
highway_62,faster_rcnn_resnet101,0.6666666666666666,0.6666666666666667,0.9830650219527494
highway_62,faster_rcnn_resnet101,0.8333333333333334,0.8333333333333334,0.9912133891213389
highway_62,faster_rcnn_resnet101,1.0,1.0,1.0
highway_63,faster_rcnn_resnet101,0.05,0.05,0.1684023930866386
highway_63,faster_rcnn_resnet101,0.06666666666666667,0.06666666666666667,0.2184799468202969
highway_63,faster_rcnn_resnet101,0.1,0.1,0.3255607372862536
highway_63,faster_rcnn_resnet101,0.2,0.2,0.6483637162310565
highway_63,faster_rcnn_resnet101,0.25,0.25,0.7735890172150796
highway_63,faster_rcnn_resnet101,0.3333333333333333,0.33333333333333337,0.8857706643279983
highway_63,faster_rcnn_resnet101,0.4,0.4,0.9216670303294786
highway_63,faster_rcnn_resnet101,0.5,0.5,0.9778654394039009
highway_63,faster_rcnn_resnet101,0.5555555555555556,0.5555555555555556,0.9790575916230366
highway_63,faster_rcnn_resnet101,0.6666666666666666,0.6666666666666667,0.9844876556696526
highway_63,faster_rcnn_resnet101,0.8333333333333334,0.8333333333333334,0.9923430321592649
highway_63,faster_rcnn_resnet101,1.0,1.0,1.0
highway_64,faster_rcnn_resnet101,0.05,0.05,0.16031416031416032
highway_64,faster_rcnn_resnet101,0.06666666666666667,0.06666666666666667,0.21303656597774245
highway_64,faster_rcnn_resnet101,0.1,0.1,0.31620009178522257
highway_64,faster_rcnn_resnet101,0.2,0.2,0.6344576116681859
highway_64,faster_rcnn_resnet101,0.25,0.25,0.7600636797816694
highway_64,faster_rcnn_resnet101,0.3333333333333333,0.33333333333333337,0.8795263038032337
highway_64,faster_rcnn_resnet101,0.4,0.4,0.9185252617205281
highway_64,faster_rcnn_resnet101,0.5,0.5,0.9754545454545455
highway_64,faster_rcnn_resnet101,0.5555555555555556,0.5555555555555556,0.9785290086797624
highway_64,faster_rcnn_resnet101,0.6666666666666666,0.6666666666666667,0.9852037332119281
highway_64,faster_rcnn_resnet101,0.8333333333333334,0.8333333333333334,0.9927239654388358
highway_64,faster_rcnn_resnet101,1.0,1.0,1.0
highway_65,faster_rcnn_resnet101,0.05,0.05,0.16868982838007535
highway_65,faster_rcnn_resnet101,0.06666666666666667,0.06666666666666667,0.23252911813643926
highway_65,faster_rcnn_resnet101,0.1,0.1,0.3388912046686119
highway_65,faster_rcnn_resnet101,0.2,0.2,0.6787928896238115
highway_65,faster_rcnn_resnet101,0.25,0.25,0.8090493980904939
highway_65,faster_rcnn_resnet101,0.3333333333333333,0.33333333333333337,0.9008417162800246
highway_65,faster_rcnn_resnet101,0.4,0.4,0.9291889666529436
highway_65,faster_rcnn_resnet101,0.5,0.5,0.9732289950576606
highway_65,faster_rcnn_resnet101,0.5555555555555556,0.5555555555555556,0.9790037052284891
highway_65,faster_rcnn_resnet101,0.6666666666666666,0.6666666666666667,0.9831483764899301
highway_65,faster_rcnn_resnet101,0.8333333333333334,0.8333333333333334,0.9923915278634586
highway_65,faster_rcnn_resnet101,1.0,1.0,1.0
highway_66,faster_rcnn_resnet101,0.05,0.05,0.19234303215926493
highway_66,faster_rcnn_resnet101,0.06666666666666667,0.06666666666666667,0.24519807923169268
highway_66,faster_rcnn_resnet101,0.1,0.1,0.3675330597355221
highway_66,faster_rcnn_resnet101,0.2,0.2,0.7121625720351836
highway_66,faster_rcnn_resnet101,0.25,0.25,0.8192296026690931
highway_66,faster_rcnn_resnet101,0.3333333333333333,0.33333333333333337,0.9093664746892998
highway_66,faster_rcnn_resnet101,0.4,0.4,0.937007874015748
highway_66,faster_rcnn_resnet101,0.5,0.5,0.9750415973377704
highway_66,faster_rcnn_resnet101,0.5555555555555556,0.5555555555555556,0.9817413610985364
highway_66,faster_rcnn_resnet101,0.6666666666666666,0.6666666666666667,0.9830559757942511
highway_66,faster_rcnn_resnet101,0.8333333333333334,0.8333333333333334,0.9904704280744214
highway_66,faster_rcnn_resnet101,1.0,1.0,1.0
highway_67,faster_rcnn_resnet101,0.05,0.05,0.18443617537615273
highway_67,faster_rcnn_resnet101,0.06666666666666667,0.06666666666666667,0.25584373999359594
highway_67,faster_rcnn_resnet101,0.1,0.1,0.37538362138588277
highway_67,faster_rcnn_resnet101,0.2,0.2,0.7394016957286835
highway_67,faster_rcnn_resnet101,0.25,0.25,0.8437549976011515
highway_67,faster_rcnn_resnet101,0.3333333333333333,0.33333333333333337,0.9296314025849688
highway_67,faster_rcnn_resnet101,0.4,0.4,0.9478916145582811
highway_67,faster_rcnn_resnet101,0.5,0.5,0.9771601980514295
highway_67,faster_rcnn_resnet101,0.5555555555555556,0.5555555555555556,0.9805298436003829
highway_67,faster_rcnn_resnet101,0.6666666666666666,0.6666666666666667,0.9845171588188347
highway_67,faster_rcnn_resnet101,0.8333333333333334,0.8333333333333334,0.9913793103448276
highway_67,faster_rcnn_resnet101,1.0,1.0,1.0
